[
  {
    "id": "3c84d5c5-1408-4097-8689-6bcdf7e56798",
    "data": [
      {
        "text": "co ai khong",
        "userDefined": false
      }
    ],
    "isTemplate": false,
    "count": 0,
    "lang": "vi",
    "updated": 0
  },
  {
    "id": "9176bdbb-5257-4737-a094-af6560af404e",
    "data": [
      {
        "text": "có ai không",
        "userDefined": false
      }
    ],
    "isTemplate": false,
    "count": 0,
    "lang": "vi",
    "updated": 0
  },
  {
    "id": "6f7ee0e5-7ad9-4f7f-b5c2-48d3af057676",
    "data": [
      {
        "text": "xin chao",
        "userDefined": false
      }
    ],
    "isTemplate": false,
    "count": 0,
    "lang": "vi",
    "updated": 0
  },
  {
    "id": "0fea8430-87cd-437a-9712-18602ffb766a",
    "data": [
      {
        "text": "xin choa",
        "userDefined": false
      }
    ],
    "isTemplate": false,
    "count": 0,
    "lang": "vi",
    "updated": 0
  },
  {
    "id": "f91a556a-2c09-41a7-9d71-993ca6d2d0fb",
    "data": [
      {
        "text": "hi khách sạn",
        "userDefined": false
      }
    ],
    "isTemplate": false,
    "count": 0,
    "lang": "vi",
    "updated": 0
  },
  {
    "id": "67ae9943-c6f8-46d9-b74f-8e0371b3a24d",
    "data": [
      {
        "text": "hi",
        "userDefined": false
      }
    ],
    "isTemplate": false,
    "count": 0,
    "lang": "vi",
    "updated": 0
  },
  {
    "id": "79eaed5d-e54f-4d65-b9d4-83f275cbc04e",
    "data": [
      {
        "text": "xin chào",
        "userDefined": false
      }
    ],
    "isTemplate": false,
    "count": 0,
    "lang": "vi",
    "updated": 0
  },
  {
    "id": "72463635-b004-4bd7-9365-244a631b59a3",
    "data": [
      {
        "text": "chào bạn",
        "userDefined": false
      }
    ],
    "isTemplate": false,
    "count": 0,
    "lang": "vi",
    "updated": 0
  },
  {
    "id": "a01c2381-efb7-4ec5-b37c-3ed8d1601d3d",
    "data": [
      {
        "text": "chào mừng bạn",
        "userDefined": false
      }
    ],
    "isTemplate": false,
    "count": 0,
    "lang": "vi",
    "updated": 0
  },
  {
    "id": "4c67e6fe-ac78-4901-b1b4-3969c2c798ff",
    "data": [
      {
        "text": "chào",
        "userDefined": false
      }
    ],
    "isTemplate": false,
    "count": 0,
    "lang": "vi",
    "updated": 0
  },
  {
    "id": "d262a669-be65-4ee9-93f0-4615efbfd00a",
    "data": [
      {
        "text": "xin chào nhé",
        "userDefined": false
      }
    ],
    "isTemplate": false,
    "count": 0,
    "lang": "vi",
    "updated": 0
  }
]