[
  {
    "id": "2d291f28-1709-4710-9ba5-e7e33ad2a369",
    "data": [
      {
        "text": "thông tin ",
        "userDefined": false
      },
      {
        "text": "khách sạn",
        "meta": "@eKhachSan",
        "alias": "ekhachsan",
        "userDefined": false
      }
    ],
    "isTemplate": false,
    "count": 0,
    "lang": "vi",
    "updated": 0
  },
  {
    "id": "8a408c72-aa7a-422c-b4d0-bbaec5e077f2",
    "data": [
      {
        "text": "thong tin",
        "userDefined": false
      },
      {
        "text": " ",
        "userDefined": false
      },
      {
        "text": "khach san",
        "meta": "@eKhachSan",
        "alias": "ekhachsan",
        "userDefined": false
      }
    ],
    "isTemplate": false,
    "count": 0,
    "lang": "vi",
    "updated": 0
  },
  {
    "id": "eafc41cc-1023-4d8b-822f-a5a6f454355e",
    "data": [
      {
        "text": "Cho mình xin ",
        "userDefined": false
      },
      {
        "text": "thông tin",
        "userDefined": false
      },
      {
        "text": " ",
        "userDefined": false
      },
      {
        "text": "khách sạn",
        "meta": "@eKhachSan",
        "alias": "ekhachsan",
        "userDefined": false
      }
    ],
    "isTemplate": false,
    "count": 0,
    "lang": "vi",
    "updated": 0
  }
]