[
  {
    "id": "ce4ef40e-c880-45f7-8c58-889c5cb19748",
    "data": [
      {
        "text": "dich vu",
        "meta": "@eDichVu",
        "alias": "edichvu",
        "userDefined": false
      },
      {
        "text": " thi nhu the nao",
        "userDefined": false
      }
    ],
    "isTemplate": false,
    "count": 0,
    "lang": "vi",
    "updated": 0
  },
  {
    "id": "231f2d3d-f8ef-4b39-83b4-aa5ab5b38a56",
    "data": [
      {
        "text": "Có ",
        "userDefined": false
      },
      {
        "text": "dịch vụ nào",
        "meta": "@eDichVu",
        "alias": "edichvu",
        "userDefined": false
      },
      {
        "text": " vậy",
        "userDefined": false
      }
    ],
    "isTemplate": false,
    "count": 0,
    "lang": "vi",
    "updated": 0
  },
  {
    "id": "3daecc09-2903-4675-aa68-3eb14a06fb16",
    "data": [
      {
        "text": "Khách sạn",
        "meta": "@eKhachSan",
        "alias": "ekhachsan",
        "userDefined": false
      },
      {
        "text": " có những ",
        "userDefined": false
      },
      {
        "text": "dịch vụ nào",
        "meta": "@eDichVu",
        "alias": "edichvu",
        "userDefined": false
      },
      {
        "text": " vậy ạ ?",
        "userDefined": false
      }
    ],
    "isTemplate": false,
    "count": 0,
    "lang": "vi",
    "updated": 0
  }
]