[
  {
    "id": "8d974bf7-71e7-46dd-b37a-f0a48dfd70c9",
    "data": [
      {
        "text": "Phòng ",
        "userDefined": false
      },
      {
        "text": "2 người",
        "meta": "@eGiaPhong-2nguoi",
        "alias": "egiaphong-2nguoi",
        "userDefined": false
      },
      {
        "text": " ",
        "userDefined": false
      },
      {
        "text": "giá bao nhiêu",
        "meta": "@eGiaPhong",
        "alias": "egiaphong",
        "userDefined": false
      },
      {
        "text": " vậy ạ",
        "userDefined": false
      }
    ],
    "isTemplate": false,
    "count": 0,
    "lang": "vi",
    "updated": 0
  },
  {
    "id": "9134767f-d387-4c84-9dc7-1b4f3f7b5ee4",
    "data": [
      {
        "text": "Cho mình xin ",
        "userDefined": false
      },
      {
        "text": "giá phòng",
        "meta": "@eGiaPhong",
        "alias": "egiaphong",
        "userDefined": false
      },
      {
        "text": " cho ",
        "userDefined": false
      },
      {
        "text": "2 người",
        "meta": "@eGiaPhong-2nguoi",
        "alias": "egiaphong-2nguoi",
        "userDefined": false
      }
    ],
    "isTemplate": false,
    "count": 0,
    "lang": "vi",
    "updated": 0
  },
  {
    "id": "38e2ce6a-8b5e-47c8-a736-970defa85a40",
    "data": [
      {
        "text": "Phòng ",
        "userDefined": false
      },
      {
        "text": "giường đôi",
        "meta": "@eGiaPhong-2nguoi",
        "alias": "egiaphong-2nguoi",
        "userDefined": false
      },
      {
        "text": " ",
        "userDefined": false
      },
      {
        "text": "giá bao nhiêu",
        "meta": "@eGiaPhong",
        "alias": "egiaphong",
        "userDefined": false
      },
      {
        "text": " vậy ạ",
        "userDefined": false
      }
    ],
    "isTemplate": false,
    "count": 0,
    "lang": "vi",
    "updated": 0
  }
]