[
  {
    "id": "7f9fb561-2c24-44e3-bc18-8d53eeda288e",
    "data": [
      {
        "text": "Ngày",
        "meta": "@eCheckin",
        "alias": "echeckin",
        "userDefined": false
      },
      {
        "text": " 20/6 này,",
        "userDefined": false
      }
    ],
    "isTemplate": false,
    "count": 0,
    "lang": "vi",
    "updated": 0
  },
  {
    "id": "bdd842de-95a0-4cf7-819f-e20c7c014a4b",
    "data": [
      {
        "text": "checkin",
        "meta": "@eCheckin",
        "alias": "echeckin",
        "userDefined": false
      },
      {
        "text": " ",
        "userDefined": false
      },
      {
        "text": "ngày",
        "meta": "@eCheckin",
        "alias": "echeckin1",
        "userDefined": false
      },
      {
        "text": " 18/5",
        "userDefined": false
      }
    ],
    "isTemplate": false,
    "count": 0,
    "lang": "vi",
    "updated": 0
  },
  {
    "id": "3dc5c587-d2a5-4dc6-b6c8-4f47f189e9cd",
    "data": [
      {
        "text": "nhận phòng",
        "meta": "@eCheckin",
        "alias": "echeckin",
        "userDefined": false
      },
      {
        "text": " ",
        "userDefined": false
      },
      {
        "text": "ngày",
        "meta": "@eCheckin",
        "alias": "echeckin1",
        "userDefined": false
      },
      {
        "text": " 1/6",
        "userDefined": false
      }
    ],
    "isTemplate": false,
    "count": 0,
    "lang": "vi",
    "updated": 0
  },
  {
    "id": "e53e05c9-9d80-472e-a215-33cf7c6caaf5",
    "data": [
      {
        "text": "vao ngay",
        "meta": "@eCheckin",
        "alias": "echeckin",
        "userDefined": false
      }
    ],
    "isTemplate": false,
    "count": 0,
    "lang": "vi",
    "updated": 0
  },
  {
    "id": "892ec7ca-c9f4-44d5-950b-a81a3bc6dff5",
    "data": [
      {
        "text": "checkin",
        "meta": "@eCheckin",
        "alias": "echeckin",
        "userDefined": false
      },
      {
        "text": " ",
        "userDefined": false
      },
      {
        "text": "ngay",
        "meta": "@eCheckin",
        "alias": "echeckin1",
        "userDefined": false
      }
    ],
    "isTemplate": false,
    "count": 0,
    "lang": "vi",
    "updated": 0
  }
]