[
  {
    "id": "d73247e5-9f81-4bd5-b083-64342fa040f8",
    "data": [
      {
        "text": "Phòng ",
        "userDefined": false
      },
      {
        "text": "1 người",
        "meta": "@eGiaPhong-1nguoi",
        "alias": "egiaphong-1nguoi",
        "userDefined": false
      },
      {
        "text": " ",
        "userDefined": false
      },
      {
        "text": "giá bao nhiêu",
        "meta": "@eGiaPhong",
        "alias": "egiaphong",
        "userDefined": false
      },
      {
        "text": " vậy ạ",
        "userDefined": false
      }
    ],
    "isTemplate": false,
    "count": 0,
    "lang": "vi",
    "updated": 0
  },
  {
    "id": "b539c9eb-f81a-4712-9e3c-8e7fdb0c3b1b",
    "data": [
      {
        "text": "Cho mình xin ",
        "userDefined": false
      },
      {
        "text": "giá phòng",
        "meta": "@eGiaPhong",
        "alias": "egiaphong",
        "userDefined": false
      },
      {
        "text": " cho ",
        "userDefined": false
      },
      {
        "text": "1 người",
        "meta": "@eGiaPhong-1nguoi",
        "alias": "egiaphong-1nguoi",
        "userDefined": false
      }
    ],
    "isTemplate": false,
    "count": 1,
    "lang": "vi",
    "updated": 0
  },
  {
    "id": "2f1fe0e7-653f-42c0-a93b-5b134f990614",
    "data": [
      {
        "text": "Phòng cho ",
        "userDefined": false
      },
      {
        "text": "1 người",
        "meta": "@eGiaPhong-1nguoi",
        "alias": "egiaphong-1nguoi",
        "userDefined": false
      }
    ],
    "isTemplate": false,
    "count": 1,
    "lang": "vi",
    "updated": 0
  }
]