[
  {
    "id": "f505ce88-89a2-4d6d-a1e0-9828f76412f6",
    "data": [
      {
        "text": "Ngày",
        "meta": "@eCheckin",
        "alias": "echeckin",
        "userDefined": false
      },
      {
        "text": " 20/6 này,",
        "userDefined": false
      }
    ],
    "isTemplate": false,
    "count": 0,
    "lang": "vi",
    "updated": 0
  },
  {
    "id": "9f9bc3b2-5c32-4cc6-b132-2ef05f8b14c8",
    "data": [
      {
        "text": "checkin",
        "meta": "@eCheckin",
        "alias": "echeckin",
        "userDefined": false
      },
      {
        "text": " ",
        "userDefined": false
      },
      {
        "text": "ngày",
        "meta": "@eCheckin",
        "alias": "echeckin1",
        "userDefined": false
      },
      {
        "text": " 18/5",
        "userDefined": false
      }
    ],
    "isTemplate": false,
    "count": 0,
    "lang": "vi",
    "updated": 0
  },
  {
    "id": "8b6f085c-f8dd-4a1b-896a-4fb60994e90a",
    "data": [
      {
        "text": "nhận phòng",
        "meta": "@eCheckin",
        "alias": "echeckin",
        "userDefined": false
      },
      {
        "text": " ",
        "userDefined": false
      },
      {
        "text": "ngày",
        "meta": "@eCheckin",
        "alias": "echeckin1",
        "userDefined": false
      },
      {
        "text": " 1/6",
        "userDefined": false
      }
    ],
    "isTemplate": false,
    "count": 0,
    "lang": "vi",
    "updated": 0
  },
  {
    "id": "bbed66da-f2b6-44be-8dcd-244a80c0f1ce",
    "data": [
      {
        "text": "vao ngay",
        "meta": "@eCheckin",
        "alias": "echeckin",
        "userDefined": false
      }
    ],
    "isTemplate": false,
    "count": 0,
    "lang": "vi",
    "updated": 0
  },
  {
    "id": "9c23087f-a9b9-4a74-987f-77372777e51a",
    "data": [
      {
        "text": "checkin",
        "meta": "@eCheckin",
        "alias": "echeckin",
        "userDefined": false
      },
      {
        "text": " ",
        "userDefined": false
      },
      {
        "text": "ngay",
        "meta": "@eCheckin",
        "alias": "echeckin1",
        "userDefined": false
      }
    ],
    "isTemplate": false,
    "count": 0,
    "lang": "vi",
    "updated": 0
  }
]