[
  {
    "id": "c5382dea-a953-417b-adf7-87c20654048b",
    "data": [
      {
        "text": "thứ",
        "userDefined": false
      }
    ],
    "isTemplate": false,
    "count": 0,
    "lang": "vi",
    "updated": 0
  },
  {
    "id": "82e459df-7d61-45bd-9217-48f7abc582a9",
    "data": [
      {
        "text": "Ngày",
        "meta": "@eCheckin",
        "alias": "echeckin",
        "userDefined": false
      },
      {
        "text": " 20/6 này,",
        "userDefined": false
      }
    ],
    "isTemplate": false,
    "count": 0,
    "lang": "vi",
    "updated": 0
  },
  {
    "id": "53afd45a-0f97-466d-8c9a-7bae3aee5058",
    "data": [
      {
        "text": "checkin",
        "meta": "@eCheckin",
        "alias": "echeckin",
        "userDefined": false
      },
      {
        "text": " ",
        "userDefined": false
      },
      {
        "text": "ngày",
        "meta": "@eCheckin",
        "alias": "echeckin1",
        "userDefined": false
      },
      {
        "text": " 18/5",
        "userDefined": false
      }
    ],
    "isTemplate": false,
    "count": 0,
    "lang": "vi",
    "updated": 0
  },
  {
    "id": "aaf76e23-a548-418e-ad64-d9c03e935ca3",
    "data": [
      {
        "text": "nhận phòng",
        "meta": "@eCheckin",
        "alias": "echeckin",
        "userDefined": false
      },
      {
        "text": " ",
        "userDefined": false
      },
      {
        "text": "ngày",
        "meta": "@eCheckin",
        "alias": "echeckin1",
        "userDefined": false
      },
      {
        "text": " 1/6",
        "userDefined": false
      }
    ],
    "isTemplate": false,
    "count": 0,
    "lang": "vi",
    "updated": 0
  },
  {
    "id": "4ea502b8-c07e-44ed-8be0-22560904101d",
    "data": [
      {
        "text": "vao ngay",
        "meta": "@eCheckin",
        "alias": "echeckin",
        "userDefined": false
      }
    ],
    "isTemplate": false,
    "count": 0,
    "lang": "vi",
    "updated": 0
  },
  {
    "id": "8b5e1a50-b509-469b-8385-d4c480e03891",
    "data": [
      {
        "text": "checkin",
        "meta": "@eCheckin",
        "alias": "echeckin",
        "userDefined": false
      },
      {
        "text": " ",
        "userDefined": false
      },
      {
        "text": "ngay",
        "meta": "@eCheckin",
        "alias": "echeckin1",
        "userDefined": false
      }
    ],
    "isTemplate": false,
    "count": 0,
    "lang": "vi",
    "updated": 0
  }
]