[
  {
    "id": "bb74e988-0d78-4274-ae92-62dab18a6551",
    "data": [
      {
        "text": "Ngày",
        "meta": "@eCheckin",
        "alias": "echeckin",
        "userDefined": false
      },
      {
        "text": " 20/6 này,",
        "userDefined": false
      }
    ],
    "isTemplate": false,
    "count": 0,
    "lang": "vi",
    "updated": 0
  },
  {
    "id": "7c61e6f8-4fc9-4e8e-b8ad-aa72dec6d2f3",
    "data": [
      {
        "text": "checkin",
        "meta": "@eCheckin",
        "alias": "echeckin",
        "userDefined": false
      },
      {
        "text": " ",
        "userDefined": false
      },
      {
        "text": "ngày",
        "meta": "@eCheckin",
        "alias": "echeckin1",
        "userDefined": false
      },
      {
        "text": " 18/5",
        "userDefined": false
      }
    ],
    "isTemplate": false,
    "count": 0,
    "lang": "vi",
    "updated": 0
  },
  {
    "id": "184be85b-c3b6-4e51-8891-a1cd840d3c15",
    "data": [
      {
        "text": "vao ngay",
        "meta": "@eCheckin",
        "alias": "echeckin",
        "userDefined": false
      }
    ],
    "isTemplate": false,
    "count": 0,
    "lang": "vi",
    "updated": 0
  },
  {
    "id": "e2d8260b-286b-4c1b-a4b2-8ea37875b57c",
    "data": [
      {
        "text": "checkin",
        "meta": "@eCheckin",
        "alias": "echeckin",
        "userDefined": false
      },
      {
        "text": " ",
        "userDefined": false
      },
      {
        "text": "ngay",
        "meta": "@eCheckin",
        "alias": "echeckin1",
        "userDefined": false
      }
    ],
    "isTemplate": false,
    "count": 0,
    "lang": "vi",
    "updated": 0
  }
]