[
  {
    "id": "95a12a92-0d58-47a8-973f-24839d12f708",
    "data": [
      {
        "text": "giá phòng đắt nhất",
        "meta": "@eGiaPhong-vip",
        "alias": "egiaphong-vip",
        "userDefined": false
      }
    ],
    "isTemplate": false,
    "count": 0,
    "lang": "vi",
    "updated": 0
  },
  {
    "id": "5dd9c810-845f-456b-acc0-cc439884d7aa",
    "data": [
      {
        "text": "Phòng vip ",
        "userDefined": false
      },
      {
        "text": "giá bao nhiêu",
        "meta": "@eGiaPhong",
        "alias": "egiaphong",
        "userDefined": false
      },
      {
        "text": " vậy ạ",
        "userDefined": false
      }
    ],
    "isTemplate": false,
    "count": 0,
    "lang": "vi",
    "updated": 0
  },
  {
    "id": "1b859a4c-0dbd-4047-9478-90e45a74913f",
    "data": [
      {
        "text": "Cho mình xin ",
        "userDefined": false
      },
      {
        "text": "giá phòng cao cấp",
        "meta": "@eGiaPhong-vip",
        "alias": "egiaphong-vip",
        "userDefined": false
      }
    ],
    "isTemplate": false,
    "count": 0,
    "lang": "vi",
    "updated": 0
  },
  {
    "id": "c61d2e4f-38af-4dbf-acf6-d52d29e899cc",
    "data": [
      {
        "text": "Phòng ",
        "userDefined": false
      },
      {
        "text": "cao cấp",
        "meta": "@eGiaPhong-vip",
        "alias": "egiaphong-vip",
        "userDefined": true
      },
      {
        "text": " ",
        "userDefined": false
      },
      {
        "text": "giá bao nhiêu",
        "meta": "@eGiaPhong",
        "alias": "egiaphong",
        "userDefined": false
      },
      {
        "text": " vậy ạ",
        "userDefined": false
      }
    ],
    "isTemplate": false,
    "count": 0,
    "lang": "vi",
    "updated": 0
  }
]