[
  {
    "id": "e9a7f1af-f5d1-4ec0-a8d5-b1ccb1ac4963",
    "data": [
      {
        "text": "giá phòng",
        "meta": "@eDatPhong",
        "alias": "eDatPhong",
        "userDefined": true
      },
      {
        "text": " như nào ạ",
        "userDefined": false
      }
    ],
    "isTemplate": false,
    "count": 0,
    "lang": "vi",
    "updated": 0
  },
  {
    "id": "e96262a9-efb8-45af-a891-c48d60d8e6da",
    "data": [
      {
        "text": "đặt phòng",
        "meta": "@eDatPhong",
        "alias": "eDatPhong",
        "userDefined": true
      }
    ],
    "isTemplate": false,
    "count": 0,
    "lang": "vi",
    "updated": 0
  },
  {
    "id": "b773ca40-bb0f-42ec-98cf-cb72f4174d0e",
    "data": [
      {
        "text": "muốn đặt phòng",
        "userDefined": false
      }
    ],
    "isTemplate": false,
    "count": 0,
    "lang": "vi",
    "updated": 0
  },
  {
    "id": "8cd7db3f-39da-4bb6-9158-791fc7816588",
    "data": [
      {
        "text": "giá phòng ngủ",
        "userDefined": false
      }
    ],
    "isTemplate": false,
    "count": 0,
    "lang": "vi",
    "updated": 0
  },
  {
    "id": "e9130258-b0ec-4767-807b-066fba3fbd33",
    "data": [
      {
        "text": "gia phong",
        "meta": "@eDatPhong",
        "alias": "eDatPhong",
        "userDefined": true
      }
    ],
    "isTemplate": false,
    "count": 0,
    "lang": "vi",
    "updated": 0
  },
  {
    "id": "c2b9c2a1-1932-4813-9f1f-74a884a2b8f4",
    "data": [
      {
        "text": "giá phòng",
        "userDefined": false
      }
    ],
    "isTemplate": false,
    "count": 0,
    "lang": "vi",
    "updated": 0
  }
]