[
  {
    "id": "3b1c81d8-bd7f-44e9-9f8d-312c40f81e1e",
    "data": [
      {
        "text": "phòng cho ",
        "userDefined": false
      },
      {
        "text": "gia đình",
        "meta": "@eGiaPhong-giaDinh",
        "alias": "egiaphong-giadinh",
        "userDefined": false
      }
    ],
    "isTemplate": false,
    "count": 0,
    "lang": "vi",
    "updated": 0
  },
  {
    "id": "2bd7a5b0-e91c-488e-bd6e-9b3d56877693",
    "data": [
      {
        "text": "Cho mình xin ",
        "userDefined": false
      },
      {
        "text": "giá phòng",
        "meta": "@eGiaPhong",
        "alias": "egiaphong",
        "userDefined": false
      },
      {
        "text": " cho ",
        "userDefined": false
      },
      {
        "text": "gia đình",
        "meta": "@eGiaPhong-giaDinh",
        "alias": "egiaphong-giadinh",
        "userDefined": false
      }
    ],
    "isTemplate": false,
    "count": 0,
    "lang": "vi",
    "updated": 0
  },
  {
    "id": "7074d5f5-581c-4bd2-9b74-033b200c7733",
    "data": [
      {
        "text": "Phòng cho ",
        "userDefined": false
      },
      {
        "text": "gia đình",
        "meta": "@eGiaPhong-giaDinh",
        "alias": "egiaphong-giadinh",
        "userDefined": false
      },
      {
        "text": " có ",
        "userDefined": false
      },
      {
        "text": "giá bao nhiêu",
        "meta": "@eGiaPhong",
        "alias": "egiaphong",
        "userDefined": false
      },
      {
        "text": " vậy ạ",
        "userDefined": false
      }
    ],
    "isTemplate": false,
    "count": 0,
    "lang": "vi",
    "updated": 0
  }
]