[
  {
    "id": "9b2cc2e2-8a12-4391-8a02-82160dbd375b",
    "data": [
      {
        "text": "Có những ",
        "userDefined": false
      },
      {
        "text": "loại phòng",
        "meta": "@eLoaiPhong",
        "alias": "eloaiphong",
        "userDefined": false
      },
      {
        "text": " nào vậy ạ",
        "userDefined": false
      }
    ],
    "isTemplate": false,
    "count": 0,
    "lang": "vi",
    "updated": 0
  },
  {
    "id": "50dde65d-3aa7-4961-bbba-ce88a6ecd6a3",
    "data": [
      {
        "text": "Khách sạn",
        "meta": "@eKhachSan",
        "alias": "ekhachsan",
        "userDefined": false
      },
      {
        "text": " mình có những ",
        "userDefined": false
      },
      {
        "text": "loại phòng",
        "meta": "@eLoaiPhong",
        "alias": "eloaiphong",
        "userDefined": false
      },
      {
        "text": " nào vậy",
        "userDefined": false
      }
    ],
    "isTemplate": false,
    "count": 0,
    "lang": "vi",
    "updated": 0
  }
]