[
  {
    "id": "f8e71c18-fd83-46e9-bcbd-b88370f48a1f",
    "data": [
      {
        "text": "Bùi",
        "meta": "@eThongTinKH",
        "alias": "ethongtinkh",
        "userDefined": true
      }
    ],
    "isTemplate": false,
    "count": 0,
    "lang": "vi",
    "updated": 0
  },
  {
    "id": "d3c813f1-cd3c-4cb0-a9a3-9e1d06c1c90b",
    "data": [
      {
        "text": "Đỗ",
        "meta": "@eThongTinKH",
        "alias": "ethongtinkh",
        "userDefined": true
      }
    ],
    "isTemplate": false,
    "count": 0,
    "lang": "vi",
    "updated": 0
  },
  {
    "id": "b3309b65-c492-47ec-bda4-e6542b9051fe",
    "data": [
      {
        "text": "Nguyễn",
        "meta": "@eThongTinKH",
        "alias": "ethongtinkh",
        "userDefined": false
      }
    ],
    "isTemplate": false,
    "count": 0,
    "lang": "vi",
    "updated": 0
  },
  {
    "id": "fef71cba-a602-4fc7-9abb-8d5b71a0a125",
    "data": [
      {
        "text": "liên hệ",
        "meta": "@eThongTinKH",
        "alias": "ethongtinkh",
        "userDefined": false
      }
    ],
    "isTemplate": false,
    "count": 0,
    "lang": "vi",
    "updated": 0
  },
  {
    "id": "3adc352c-4965-478e-8c93-25d9474ffdda",
    "data": [
      {
        "text": "thông tin",
        "meta": "@eThongTinKH",
        "alias": "ethongtinkh",
        "userDefined": false
      },
      {
        "text": " của mình",
        "userDefined": false
      }
    ],
    "isTemplate": false,
    "count": 0,
    "lang": "vi",
    "updated": 0
  },
  {
    "id": "7a9972ef-2ca0-4d0b-8007-fa2c44f15614",
    "data": [
      {
        "text": "Lê",
        "meta": "@eThongTinKH",
        "alias": "ethongtinkh",
        "userDefined": false
      }
    ],
    "isTemplate": false,
    "count": 0,
    "lang": "vi",
    "updated": 0
  },
  {
    "id": "0ec73acf-e0ec-412c-a576-0cc95cf0c088",
    "data": [
      {
        "text": "chot",
        "userDefined": false
      }
    ],
    "isTemplate": false,
    "count": 0,
    "lang": "vi",
    "updated": 0
  },
  {
    "id": "be604bee-11dd-44d7-b343-182c19e85691",
    "data": [
      {
        "text": "Chốt",
        "userDefined": false
      }
    ],
    "isTemplate": false,
    "count": 0,
    "lang": "vi",
    "updated": 0
  },
  {
    "id": "ee765fd3-00b4-4718-93c9-9566bc5b950d",
    "data": [
      {
        "text": "03",
        "meta": "@eThongTinKH",
        "alias": "ethongtinkh",
        "userDefined": true
      }
    ],
    "isTemplate": false,
    "count": 0,
    "lang": "vi",
    "updated": 0
  },
  {
    "id": "9e0330ba-e71d-4edb-aa1f-63473568e78d",
    "data": [
      {
        "text": "09",
        "meta": "@eThongTinKH",
        "alias": "ethongtinkh",
        "userDefined": true
      }
    ],
    "isTemplate": false,
    "count": 0,
    "lang": "vi",
    "updated": 0
  },
  {
    "id": "92060eaf-00d1-4fa6-bc93-e88dedddc393",
    "data": [
      {
        "text": "Phạm",
        "meta": "@eThongTinKH",
        "alias": "ethongtinkh",
        "userDefined": false
      }
    ],
    "isTemplate": false,
    "count": 0,
    "lang": "vi",
    "updated": 0
  },
  {
    "id": "6ab78cc4-186f-4c39-b186-79150a14ec95",
    "data": [
      {
        "text": "Trần",
        "meta": "@eThongTinKH",
        "alias": "ethongtinkh",
        "userDefined": false
      }
    ],
    "isTemplate": false,
    "count": 2,
    "lang": "vi",
    "updated": 0
  },
  {
    "id": "0f2ff3f4-ca1c-41d3-a874-ad795784e75b",
    "data": [
      {
        "text": "Ngô",
        "meta": "@eThongTinKH",
        "alias": "ethongtinkh",
        "userDefined": true
      }
    ],
    "isTemplate": false,
    "count": 0,
    "lang": "vi",
    "updated": 0
  },
  {
    "id": "a65f3419-b657-420f-bae5-fe51eb4eea5a",
    "data": [
      {
        "text": "Hồ",
        "meta": "@eThongTinKH",
        "alias": "ethongtinkh",
        "userDefined": true
      }
    ],
    "isTemplate": false,
    "count": 2,
    "lang": "vi",
    "updated": 0
  },
  {
    "id": "31aa7f2c-2d44-4b72-a23f-a1e0f9e8ab9e",
    "data": [
      {
        "text": "Vũ",
        "meta": "@eThongTinKH",
        "alias": "ethongtinkh",
        "userDefined": false
      }
    ],
    "isTemplate": false,
    "count": 0,
    "lang": "vi",
    "updated": 0
  },
  {
    "id": "90b6c15c-28e6-4719-b0e2-95f23aebe926",
    "data": [
      {
        "text": "Trịnh",
        "meta": "@eThongTinKH",
        "alias": "ethongtinkh",
        "userDefined": false
      }
    ],
    "isTemplate": false,
    "count": 0,
    "lang": "vi",
    "updated": 0
  }
]